"SKU","Year","Month","Month Name","Date","Monthly Demand","Daily Demand"
"SKU1","2023","2023-03","March","3/1/2023","766","3.62"
"SKU1","2023","2023-03","March","3/2/2023","766","1.73"
"SKU1","2023","2023-03","March","3/3/2023","766","44.18"
"SKU1","2023","2023-03","March","3/4/2023","766","0"
"SKU1","2023","2023-03","March","3/5/2023","766","0"
"SKU1","2023","2023-03","March","3/6/2023","766","0"
"SKU1","2023","2023-03","March","3/7/2023","766","0"
"SKU1","2023","2023-03","March","3/8/2023","766","0"
"SKU1","2023","2023-03","March","3/9/2023","766","52.83"
"SKU1","2023","2023-03","March","3/10/2023","766","55.64"
"SKU1","2023","2023-03","March","3/11/2023","766","0"
"SKU1","2023","2023-03","March","3/12/2023","766","0"
"SKU1","2023","2023-03","March","3/13/2023","766","102.07"
"SKU1","2023","2023-03","March","3/14/2023","766","0"
"SKU1","2023","2023-03","March","3/15/2023","766","25.49"
"SKU1","2023","2023-03","March","3/16/2023","766","0.48"
"SKU1","2023","2023-03","March","3/17/2023","766","68.25"
"SKU1","2023","2023-03","March","3/18/2023","766","0"
"SKU1","2023","2023-03","March","3/19/2023","766","0"
"SKU1","2023","2023-03","March","3/20/2023","766","4.3"
"SKU1","2023","2023-03","March","3/21/2023","766","1.67"
"SKU1","2023","2023-03","March","3/22/2023","766","51.29"
"SKU1","2023","2023-03","March","3/23/2023","766","19.12"
"SKU1","2023","2023-03","March","3/24/2023","766","86.5"
"SKU1","2023","2023-03","March","3/25/2023","766","0"
"SKU1","2023","2023-03","March","3/26/2023","766","0"
"SKU1","2023","2023-03","March","3/27/2023","766","0"
"SKU1","2023","2023-03","March","3/28/2023","766","46.73"
"SKU1","2023","2023-03","March","3/29/2023","766","1.45"
"SKU1","2023","2023-03","March","3/30/2023","766","116.3"
"SKU1","2023","2023-03","March","3/31/2023","766","84.56"
"SKU1","2023","2023-04","April","4/1/2023","633","0"
"SKU1","2023","2023-04","April","4/2/2023","633","0"
"SKU1","2023","2023-04","April","4/3/2023","633","0.24"
"SKU1","2023","2023-04","April","4/4/2023","633","0.24"
"SKU1","2023","2023-04","April","4/5/2023","633","1.44"
"SKU1","2023","2023-04","April","4/6/2023","633","42.15"
"SKU1","2023","2023-04","April","4/7/2023","633","0.72"
"SKU1","2023","2023-04","April","4/8/2023","633","0"
"SKU1","2023","2023-04","April","4/9/2023","633","0"
"SKU1","2023","2023-04","April","4/10/2023","633","1.36"
"SKU1","2023","2023-04","April","4/11/2023","633","94.3"
"SKU1","2023","2023-04","April","4/12/2023","633","0.96"
"SKU1","2023","2023-04","April","4/13/2023","633","56.99"
"SKU1","2023","2023-04","April","4/14/2023","633","154.88"
"SKU1","2023","2023-04","April","4/15/2023","633","0"
"SKU1","2023","2023-04","April","4/16/2023","633","0"
"SKU1","2023","2023-04","April","4/17/2023","633","0.2"
"SKU1","2023","2023-04","April","4/18/2023","633","8.06"
"SKU1","2023","2023-04","April","4/19/2023","633","3.64"
"SKU1","2023","2023-04","April","4/20/2023","633","28.8"
"SKU1","2023","2023-04","April","4/21/2023","633","32.45"
"SKU1","2023","2023-04","April","4/22/2023","633","0"
"SKU1","2023","2023-04","April","4/23/2023","633","0"
"SKU1","2023","2023-04","April","4/24/2023","633","0.78"
"SKU1","2023","2023-04","April","4/25/2023","633","2.7"
"SKU1","2023","2023-04","April","4/26/2023","633","7.14"
"SKU1","2023","2023-04","April","4/27/2023","633","95.64"
"SKU1","2023","2023-04","April","4/28/2023","633","100.71"
"SKU1","2023","2023-04","April","4/29/2023","633","0"
"SKU1","2023","2023-04","April","4/30/2023","633","0"
"SKU1","2023","2023-05","May","5/1/2023","747","0.36"
"SKU1","2023","2023-05","May","5/2/2023","747","90.16"
"SKU1","2023","2023-05","May","5/3/2023","747","3.15"
"SKU1","2023","2023-05","May","5/4/2023","747","40.05"
"SKU1","2023","2023-05","May","5/5/2023","747","110.28"
"SKU1","2023","2023-05","May","5/6/2023","747","0"
"SKU1","2023","2023-05","May","5/7/2023","747","0"
"SKU1","2023","2023-05","May","5/8/2023","747","44.7"
"SKU1","2023","2023-05","May","5/9/2023","747","0.06"
"SKU1","2023","2023-05","May","5/10/2023","747","0.84"
"SKU1","2023","2023-05","May","5/11/2023","747","121.7"
"SKU1","2023","2023-05","May","5/12/2023","747","35.92"
"SKU1","2023","2023-05","May","5/13/2023","747","0"
"SKU1","2023","2023-05","May","5/14/2023","747","0"
"SKU1","2023","2023-05","May","5/15/2023","747","0.16"
"SKU1","2023","2023-05","May","5/16/2023","747","1.77"
"SKU1","2023","2023-05","May","5/17/2023","747","6.73"
"SKU1","2023","2023-05","May","5/18/2023","747","116.29"
"SKU1","2023","2023-05","May","5/19/2023","747","52.16"
"SKU1","2023","2023-05","May","5/20/2023","747","0"
"SKU1","2023","2023-05","May","5/21/2023","747","0"
"SKU1","2023","2023-05","May","5/22/2023","747","3.36"
"SKU1","2023","2023-05","May","5/23/2023","747","2.64"
"SKU1","2023","2023-05","May","5/24/2023","747","0.12"
"SKU1","2023","2023-05","May","5/25/2023","747","50.94"
"SKU1","2023","2023-05","May","5/26/2023","747","65.31"
"SKU1","2023","2023-05","May","5/27/2023","747","0"
"SKU1","2023","2023-05","May","5/28/2023","747","0"
"SKU1","2023","2023-05","May","5/29/2023","747","0"
"SKU1","2023","2023-05","May","5/30/2023","747","0.16"
"SKU1","2023","2023-05","May","5/31/2023","747","0"
"SKU1","2023","2023-06","June","6/1/2023","1066","59.7"
"SKU1","2023","2023-06","June","6/2/2023","1066","18.52"
"SKU1","2023","2023-06","June","6/3/2023","1066","0"
"SKU1","2023","2023-06","June","6/4/2023","1066","0"
"SKU1","2023","2023-06","June","6/5/2023","1066","0"
"SKU1","2023","2023-06","June","6/6/2023","1066","35.02"
"SKU1","2023","2023-06","June","6/7/2023","1066","0.84"
"SKU1","2023","2023-06","June","6/8/2023","1066","91.42"
"SKU1","2023","2023-06","June","6/9/2023","1066","125.91"
"SKU1","2023","2023-06","June","6/10/2023","1066","0"
"SKU1","2023","2023-06","June","6/11/2023","1066","0"
"SKU1","2023","2023-06","June","6/12/2023","1066","0.1"
"SKU1","2023","2023-06","June","6/13/2023","1066","3.52"
"SKU1","2023","2023-06","June","6/14/2023","1066","1.2"
"SKU1","2023","2023-06","June","6/15/2023","1066","96.25"
"SKU1","2023","2023-06","June","6/16/2023","1066","42.69"
"SKU1","2023","2023-06","June","6/17/2023","1066","0"
"SKU1","2023","2023-06","June","6/18/2023","1066","0"
"SKU1","2023","2023-06","June","6/19/2023","1066","2.64"
"SKU1","2023","2023-06","June","6/20/2023","1066","0.46"
"SKU1","2023","2023-06","June","6/21/2023","1066","0.6"
"SKU1","2023","2023-06","June","6/22/2023","1066","92.22"
"SKU1","2023","2023-06","June","6/23/2023","1066","217.45"
"SKU1","2023","2023-06","June","6/24/2023","1066","0"
"SKU1","2023","2023-06","June","6/25/2023","1066","0"
"SKU1","2023","2023-06","June","6/26/2023","1066","1.08"
"SKU1","2023","2023-06","June","6/27/2023","1066","1.2"
"SKU1","2023","2023-06","June","6/28/2023","1066","5.33"
"SKU1","2023","2023-06","June","6/29/2023","1066","21.59"
"SKU1","2023","2023-06","June","6/30/2023","1066","247.88"
"SKU1","2023","2023-07","July","7/1/2023","664","0"
"SKU1","2023","2023-07","July","7/2/2023","664","0"
"SKU1","2023","2023-07","July","7/3/2023","664","0"
"SKU1","2023","2023-07","July","7/4/2023","664","0"
"SKU1","2023","2023-07","July","7/5/2023","664","0.72"
"SKU1","2023","2023-07","July","7/6/2023","664","86.4"
"SKU1","2023","2023-07","July","7/7/2023","664","240.12"
"SKU1","2023","2023-07","July","7/8/2023","664","0"
"SKU1","2023","2023-07","July","7/9/2023","664","0"
"SKU1","2023","2023-07","July","7/10/2023","664","0"
"SKU1","2023","2023-07","July","7/11/2023","664","1.92"
"SKU1","2023","2023-07","July","7/12/2023","664","0.12"
"SKU1","2023","2023-07","July","7/13/2023","664","66.96"
"SKU1","2023","2023-07","July","7/14/2023","664","0.46"
"SKU1","2023","2023-07","July","7/15/2023","664","0"
"SKU1","2023","2023-07","July","7/16/2023","664","0"
"SKU1","2023","2023-07","July","7/17/2023","664","0.38"
"SKU1","2023","2023-07","July","7/18/2023","664","2.52"
"SKU1","2023","2023-07","July","7/19/2023","664","0.24"
"SKU1","2023","2023-07","July","7/20/2023","664","120.48"
"SKU1","2023","2023-07","July","7/21/2023","664","2.4"
"SKU1","2023","2023-07","July","7/22/2023","664","0"
"SKU1","2023","2023-07","July","7/23/2023","664","0"
"SKU1","2023","2023-07","July","7/24/2023","664","1.44"
"SKU1","2023","2023-07","July","7/25/2023","664","0.11"
"SKU1","2023","2023-07","July","7/26/2023","664","1.8"
"SKU1","2023","2023-07","July","7/27/2023","664","128.76"
"SKU1","2023","2023-07","July","7/28/2023","664","8.64"
"SKU1","2023","2023-07","July","7/29/2023","664","0"
"SKU1","2023","2023-07","July","7/30/2023","664","0"
"SKU1","2023","2023-07","July","7/31/2023","664","0.16"
"SKU1","2023","2023-08","August","8/1/2023","497","0.37"
"SKU1","2023","2023-08","August","8/2/2023","497","5.08"
"SKU1","2023","2023-08","August","8/3/2023","497","91.8"
"SKU1","2023","2023-08","August","8/4/2023","497","5.96"
"SKU1","2023","2023-08","August","8/5/2023","497","0"
"SKU1","2023","2023-08","August","8/6/2023","497","0"
"SKU1","2023","2023-08","August","8/7/2023","497","0.4"
"SKU1","2023","2023-08","August","8/8/2023","497","1.08"
"SKU1","2023","2023-08","August","8/9/2023","497","3.1"
"SKU1","2023","2023-08","August","8/10/2023","497","86.87"
"SKU1","2023","2023-08","August","8/11/2023","497","0"
"SKU1","2023","2023-08","August","8/12/2023","497","0"
"SKU1","2023","2023-08","August","8/13/2023","497","0"
"SKU1","2023","2023-08","August","8/14/2023","497","0"
"SKU1","2023","2023-08","August","8/15/2023","497","0"
"SKU1","2023","2023-08","August","8/16/2023","497","0.72"
"SKU1","2023","2023-08","August","8/17/2023","497","0"
"SKU1","2023","2023-08","August","8/18/2023","497","0"
"SKU1","2023","2023-08","August","8/19/2023","497","0"
"SKU1","2023","2023-08","August","8/20/2023","497","0"
"SKU1","2023","2023-08","August","8/21/2023","497","0"
"SKU1","2023","2023-08","August","8/22/2023","497","0"
"SKU1","2023","2023-08","August","8/23/2023","497","0"
"SKU1","2023","2023-08","August","8/24/2023","497","0.78"
"SKU1","2023","2023-08","August","8/25/2023","497","241.3"
"SKU1","2023","2023-08","August","8/26/2023","497","0"
"SKU1","2023","2023-08","August","8/27/2023","497","0"
"SKU1","2023","2023-08","August","8/28/2023","497","0.76"
"SKU1","2023","2023-08","August","8/29/2023","497","3.27"
"SKU1","2023","2023-08","August","8/30/2023","497","0.12"
"SKU1","2023","2023-08","August","8/31/2023","497","55.64"
"SKU1","2023","2023-09","September","9/1/2023","760","127.18"
"SKU1","2023","2023-09","September","9/2/2023","760","0"
"SKU1","2023","2023-09","September","9/3/2023","760","0"
"SKU1","2023","2023-09","September","9/4/2023","760","0"
"SKU1","2023","2023-09","September","9/5/2023","760","0"
"SKU1","2023","2023-09","September","9/6/2023","760","1.08"
"SKU1","2023","2023-09","September","9/7/2023","760","71.88"
"SKU1","2023","2023-09","September","9/8/2023","760","63.12"
"SKU1","2023","2023-09","September","9/9/2023","760","0"
"SKU1","2023","2023-09","September","9/10/2023","760","0"
"SKU1","2023","2023-09","September","9/11/2023","760","4.92"
"SKU1","2023","2023-09","September","9/12/2023","760","4.25"
"SKU1","2023","2023-09","September","9/13/2023","760","7.34"
"SKU1","2023","2023-09","September","9/14/2023","760","98.52"
"SKU1","2023","2023-09","September","9/15/2023","760","75.31"
"SKU1","2023","2023-09","September","9/16/2023","760","0"
"SKU1","2023","2023-09","September","9/17/2023","760","0"
"SKU1","2023","2023-09","September","9/18/2023","760","1.48"
"SKU1","2023","2023-09","September","9/19/2023","760","1.74"
"SKU1","2023","2023-09","September","9/20/2023","760","0"
"SKU1","2023","2023-09","September","9/21/2023","760","92.76"
"SKU1","2023","2023-09","September","9/22/2023","760","61.92"
"SKU1","2023","2023-09","September","9/23/2023","760","0"
"SKU1","2023","2023-09","September","9/24/2023","760","0"
"SKU1","2023","2023-09","September","9/25/2023","760","1.08"
"SKU1","2023","2023-09","September","9/26/2023","760","0"
"SKU1","2023","2023-09","September","9/27/2023","760","0"
"SKU1","2023","2023-09","September","9/28/2023","760","80.28"
"SKU1","2023","2023-09","September","9/29/2023","760","66.72"
"SKU1","2023","2023-09","September","9/30/2023","760","0"
"SKU1","2023","2023-10","October","10/1/2023","722","0"
"SKU1","2023","2023-10","October","10/2/2023","722","6.16"
"SKU1","2023","2023-10","October","10/3/2023","722","0.01"
"SKU1","2023","2023-10","October","10/4/2023","722","1.56"
"SKU1","2023","2023-10","October","10/5/2023","722","118.2"
"SKU1","2023","2023-10","October","10/6/2023","722","96.6"
"SKU1","2023","2023-10","October","10/7/2023","722","0"
"SKU1","2023","2023-10","October","10/8/2023","722","0"
"SKU1","2023","2023-10","October","10/9/2023","722","0"
"SKU1","2023","2023-10","October","10/10/2023","722","0.1"
"SKU1","2023","2023-10","October","10/11/2023","722","0.26"
"SKU1","2023","2023-10","October","10/12/2023","722","73.16"
"SKU1","2023","2023-10","October","10/13/2023","722","103.34"
"SKU1","2023","2023-10","October","10/14/2023","722","0"
"SKU1","2023","2023-10","October","10/15/2023","722","0"
"SKU1","2023","2023-10","October","10/16/2023","722","1.54"
"SKU1","2023","2023-10","October","10/17/2023","722","2.04"
"SKU1","2023","2023-10","October","10/18/2023","722","0"
"SKU1","2023","2023-10","October","10/19/2023","722","84.12"
"SKU1","2023","2023-10","October","10/20/2023","722","20.8"
"SKU1","2023","2023-10","October","10/21/2023","722","0"
"SKU1","2023","2023-10","October","10/22/2023","722","0"
"SKU1","2023","2023-10","October","10/23/2023","722","0"
"SKU1","2023","2023-10","October","10/24/2023","722","1.04"
"SKU1","2023","2023-10","October","10/25/2023","722","33.18"
"SKU1","2023","2023-10","October","10/26/2023","722","169.32"
"SKU1","2023","2023-10","October","10/27/2023","722","8.16"
"SKU1","2023","2023-10","October","10/28/2023","722","0"
"SKU1","2023","2023-10","October","10/29/2023","722","0"
"SKU1","2023","2023-10","October","10/30/2023","722","1.8"
"SKU1","2023","2023-10","October","10/31/2023","722","0.36"
"SKU1","2023","2023-11","November","11/1/2023","904","0.14"
"SKU1","2023","2023-11","November","11/2/2023","904","115.9"
"SKU1","2023","2023-11","November","11/3/2023","904","107.17"
"SKU1","2023","2023-11","November","11/4/2023","904","0"
"SKU1","2023","2023-11","November","11/5/2023","904","0"
"SKU1","2023","2023-11","November","11/6/2023","904","0.42"
"SKU1","2023","2023-11","November","11/7/2023","904","0.55"
"SKU1","2023","2023-11","November","11/8/2023","904","0.42"
"SKU1","2023","2023-11","November","11/9/2023","904","112.16"
"SKU1","2023","2023-11","November","11/10/2023","904","101.97"
"SKU1","2023","2023-11","November","11/11/2023","904","0"
"SKU1","2023","2023-11","November","11/12/2023","904","0"
"SKU1","2023","2023-11","November","11/13/2023","904","1.72"
"SKU1","2023","2023-11","November","11/14/2023","904","0.28"
"SKU1","2023","2023-11","November","11/15/2023","904","1.25"
"SKU1","2023","2023-11","November","11/16/2023","904","111.61"
"SKU1","2023","2023-11","November","11/17/2023","904","135.17"
"SKU1","2023","2023-11","November","11/18/2023","904","0"
"SKU1","2023","2023-11","November","11/19/2023","904","0"
"SKU1","2023","2023-11","November","11/20/2023","904","0"
"SKU1","2023","2023-11","November","11/21/2023","904","73.62"
"SKU1","2023","2023-11","November","11/22/2023","904","138.88"
"SKU1","2023","2023-11","November","11/23/2023","904","0"
"SKU1","2023","2023-11","November","11/24/2023","904","0"
"SKU1","2023","2023-11","November","11/25/2023","904","0"
"SKU1","2023","2023-11","November","11/26/2023","904","0"
"SKU1","2023","2023-11","November","11/27/2023","904","0"
"SKU1","2023","2023-11","November","11/28/2023","904","0"
"SKU1","2023","2023-11","November","11/29/2023","904","2.35"
"SKU1","2023","2023-11","November","11/30/2023","904","0"
"SKU1","2023","2023-12","December","12/1/2023","766","0"
"SKU1","2023","2023-12","December","12/2/2023","766","0"
"SKU1","2023","2023-12","December","12/3/2023","766","0"
"SKU1","2023","2023-12","December","12/4/2023","766","0"
"SKU1","2023","2023-12","December","12/5/2023","766","0"
"SKU1","2023","2023-12","December","12/6/2023","766","0"
"SKU1","2023","2023-12","December","12/7/2023","766","0"
"SKU1","2023","2023-12","December","12/8/2023","766","0"
"SKU1","2023","2023-12","December","12/9/2023","766","0"
"SKU1","2023","2023-12","December","12/10/2023","766","0"
"SKU1","2023","2023-12","December","12/11/2023","766","0"
"SKU1","2023","2023-12","December","12/12/2023","766","0"
"SKU1","2023","2023-12","December","12/13/2023","766","0"
"SKU1","2023","2023-12","December","12/14/2023","766","0"
"SKU1","2023","2023-12","December","12/15/2023","766","0"
"SKU1","2023","2023-12","December","12/16/2023","766","0"
"SKU1","2023","2023-12","December","12/17/2023","766","0"
"SKU1","2023","2023-12","December","12/18/2023","766","0"
"SKU1","2023","2023-12","December","12/19/2023","766","0"
"SKU1","2023","2023-12","December","12/20/2023","766","2.88"
"SKU1","2023","2023-12","December","12/21/2023","766","0.85"
"SKU1","2023","2023-12","December","12/22/2023","766","320.81"
"SKU1","2023","2023-12","December","12/23/2023","766","0"
"SKU1","2023","2023-12","December","12/24/2023","766","0"
"SKU1","2023","2023-12","December","12/25/2023","766","0"
"SKU1","2023","2023-12","December","12/26/2023","766","1.02"
"SKU1","2023","2023-12","December","12/27/2023","766","27.11"
"SKU1","2023","2023-12","December","12/28/2023","766","16.94"
"SKU1","2023","2023-12","December","12/29/2023","766","396.82"
"SKU1","2023","2023-12","December","12/30/2023","766","0"
"SKU1","2023","2023-12","December","12/31/2023","766","0"
"SKU1","2024","2024-01","January","1/1/2024","865","0"
"SKU1","2024","2024-01","January","1/2/2024","865","12.69"
"SKU1","2024","2024-01","January","1/3/2024","865","22.8"
"SKU1","2024","2024-01","January","1/4/2024","865","7.53"
"SKU1","2024","2024-01","January","1/5/2024","865","0.4"
"SKU1","2024","2024-01","January","1/6/2024","865","0"
"SKU1","2024","2024-01","January","1/7/2024","865","0"
"SKU1","2024","2024-01","January","1/8/2024","865","0"
"SKU1","2024","2024-01","January","1/9/2024","865","0.25"
"SKU1","2024","2024-01","January","1/10/2024","865","0"
"SKU1","2024","2024-01","January","1/11/2024","865","312.64"
"SKU1","2024","2024-01","January","1/12/2024","865","43.68"
"SKU1","2024","2024-01","January","1/13/2024","865","0"
"SKU1","2024","2024-01","January","1/14/2024","865","0"
"SKU1","2024","2024-01","January","1/15/2024","865","0"
"SKU1","2024","2024-01","January","1/16/2024","865","11.45"
"SKU1","2024","2024-01","January","1/17/2024","865","6.19"
"SKU1","2024","2024-01","January","1/18/2024","865","86.82"
"SKU1","2024","2024-01","January","1/19/2024","865","79.12"
"SKU1","2024","2024-01","January","1/20/2024","865","0"
"SKU1","2024","2024-01","January","1/21/2024","865","0"
"SKU1","2024","2024-01","January","1/22/2024","865","9.09"
"SKU1","2024","2024-01","January","1/23/2024","865","87.3"
"SKU1","2024","2024-01","January","1/24/2024","865","12.55"
"SKU1","2024","2024-01","January","1/25/2024","865","50.62"
"SKU1","2024","2024-01","January","1/26/2024","865","102.45"
"SKU1","2024","2024-01","January","1/27/2024","865","0"
"SKU1","2024","2024-01","January","1/28/2024","865","0"
"SKU1","2024","2024-01","January","1/29/2024","865","11.21"
"SKU1","2024","2024-01","January","1/30/2024","865","6.74"
"SKU1","2024","2024-01","January","1/31/2024","865","1.5"
"SKU1","2024","2024-02","February","2/1/2024","372","67.66"
"SKU1","2024","2024-02","February","2/2/2024","372","33.55"
"SKU1","2024","2024-02","February","2/3/2024","372","0"
"SKU1","2024","2024-02","February","2/4/2024","372","0"
"SKU1","2024","2024-02","February","2/5/2024","372","20.18"
"SKU1","2024","2024-02","February","2/6/2024","372","0.39"
"SKU1","2024","2024-02","February","2/7/2024","372","0.95"
"SKU1","2024","2024-02","February","2/8/2024","372","64.5"
"SKU1","2024","2024-02","February","2/9/2024","372","3.8"
"SKU1","2024","2024-02","February","2/10/2024","372","0"
"SKU1","2024","2024-02","February","2/11/2024","372","0"
"SKU1","2024","2024-02","February","2/12/2024","372","0.4"
"SKU1","2024","2024-02","February","2/13/2024","372","2.82"
"SKU1","2024","2024-02","February","2/14/2024","372","0.76"
"SKU1","2024","2024-02","February","2/15/2024","372","60.04"
"SKU1","2024","2024-02","February","2/16/2024","372","3.96"
"SKU1","2024","2024-02","February","2/17/2024","372","0"
"SKU1","2024","2024-02","February","2/18/2024","372","0"
"SKU1","2024","2024-02","February","2/19/2024","372","4.68"
"SKU1","2024","2024-02","February","2/20/2024","372","1.44"
"SKU1","2024","2024-02","February","2/21/2024","372","1.24"
"SKU1","2024","2024-02","February","2/22/2024","372","48.24"
"SKU1","2024","2024-02","February","2/23/2024","372","3.96"
"SKU1","2024","2024-02","February","2/24/2024","372","0"
"SKU1","2024","2024-02","February","2/25/2024","372","0"
"SKU1","2024","2024-02","February","2/26/2024","372","0.27"
"SKU1","2024","2024-02","February","2/27/2024","372","0.24"
"SKU1","2024","2024-02","February","2/28/2024","372","0"
"SKU1","2024","2024-02","February","2/29/2024","372","53.16"
"SKU1","2024","2024-03","March","3/1/2024","575","49.71"
"SKU1","2024","2024-03","March","3/2/2024","575","0"
"SKU1","2024","2024-03","March","3/3/2024","575","0"
"SKU1","2024","2024-03","March","3/4/2024","575","0"
"SKU1","2024","2024-03","March","3/5/2024","575","3.08"
"SKU1","2024","2024-03","March","3/6/2024","575","2.04"
"SKU1","2024","2024-03","March","3/7/2024","575","36.14"
"SKU1","2024","2024-03","March","3/8/2024","575","83.1"
"SKU1","2024","2024-03","March","3/9/2024","575","0"
"SKU1","2024","2024-03","March","3/10/2024","575","0"
"SKU1","2024","2024-03","March","3/11/2024","575","0"
"SKU1","2024","2024-03","March","3/12/2024","575","0.36"
"SKU1","2024","2024-03","March","3/13/2024","575","22.81"
"SKU1","2024","2024-03","March","3/14/2024","575","74.21"
"SKU1","2024","2024-03","March","3/15/2024","575","55"
"SKU1","2024","2024-03","March","3/16/2024","575","0"
"SKU1","2024","2024-03","March","3/17/2024","575","0"
"SKU1","2024","2024-03","March","3/18/2024","575","0"
"SKU1","2024","2024-03","March","3/19/2024","575","0.3"
"SKU1","2024","2024-03","March","3/20/2024","575","3.4"
"SKU1","2024","2024-03","March","3/21/2024","575","65.8"
"SKU1","2024","2024-03","March","3/22/2024","575","27.5"
"SKU1","2024","2024-03","March","3/23/2024","575","0"
"SKU1","2024","2024-03","March","3/24/2024","575","0"
"SKU1","2024","2024-03","March","3/25/2024","575","0"
"SKU1","2024","2024-03","March","3/26/2024","575","1.17"
"SKU1","2024","2024-03","March","3/27/2024","575","0"
"SKU1","2024","2024-03","March","3/28/2024","575","79.61"
"SKU1","2024","2024-03","March","3/29/2024","575","70.37"
"SKU1","2024","2024-03","March","3/30/2024","575","0"
"SKU1","2024","2024-03","March","3/31/2024","575","0"
"SKU1","2024","2024-04","April","4/1/2024","677","0.68"
"SKU1","2024","2024-04","April","4/2/2024","677","0.21"
"SKU1","2024","2024-04","April","4/3/2024","677","0.25"
"SKU1","2024","2024-04","April","4/4/2024","677","90.69"
"SKU1","2024","2024-04","April","4/5/2024","677","135.73"
"SKU1","2024","2024-04","April","4/6/2024","677","0"
"SKU1","2024","2024-04","April","4/7/2024","677","0"
"SKU1","2024","2024-04","April","4/8/2024","677","1.97"
"SKU1","2024","2024-04","April","4/9/2024","677","0"
"SKU1","2024","2024-04","April","4/10/2024","677","0"
"SKU1","2024","2024-04","April","4/11/2024","677","67.8"
"SKU1","2024","2024-04","April","4/12/2024","677","29.66"
"SKU1","2024","2024-04","April","4/13/2024","677","0"
"SKU1","2024","2024-04","April","4/14/2024","677","0"
"SKU1","2024","2024-04","April","4/15/2024","677","0.1"
"SKU1","2024","2024-04","April","4/16/2024","677","3.28"
"SKU1","2024","2024-04","April","4/17/2024","677","0"
"SKU1","2024","2024-04","April","4/18/2024","677","91.47"
"SKU1","2024","2024-04","April","4/19/2024","677","77.15"
"SKU1","2024","2024-04","April","4/20/2024","677","0"
"SKU1","2024","2024-04","April","4/21/2024","677","0"
"SKU1","2024","2024-04","April","4/22/2024","677","0.49"
"SKU1","2024","2024-04","April","4/23/2024","677","1.6"
"SKU1","2024","2024-04","April","4/24/2024","677","5.52"
"SKU1","2024","2024-04","April","4/25/2024","677","98.98"
"SKU1","2024","2024-04","April","4/26/2024","677","65.22"
"SKU1","2024","2024-04","April","4/27/2024","677","0"
"SKU1","2024","2024-04","April","4/28/2024","677","0"
"SKU1","2024","2024-04","April","4/29/2024","677","0.62"
"SKU1","2024","2024-04","April","4/30/2024","677","5.64"
"SKU1","2024","2024-05","May","5/1/2024","843","0.83"
"SKU1","2024","2024-05","May","5/2/2024","843","44.76"
"SKU1","2024","2024-05","May","5/3/2024","843","111.24"
"SKU1","2024","2024-05","May","5/4/2024","843","0"
"SKU1","2024","2024-05","May","5/5/2024","843","0"
"SKU1","2024","2024-05","May","5/6/2024","843","1.44"
"SKU1","2024","2024-05","May","5/7/2024","843","0.72"
"SKU1","2024","2024-05","May","5/8/2024","843","0.25"
"SKU1","2024","2024-05","May","5/9/2024","843","115.56"
"SKU1","2024","2024-05","May","5/10/2024","843","75.84"
"SKU1","2024","2024-05","May","5/11/2024","843","0"
"SKU1","2024","2024-05","May","5/12/2024","843","0"
"SKU1","2024","2024-05","May","5/13/2024","843","0"
"SKU1","2024","2024-05","May","5/14/2024","843","0.01"
"SKU1","2024","2024-05","May","5/15/2024","843","0.25"
"SKU1","2024","2024-05","May","5/16/2024","843","89"
"SKU1","2024","2024-05","May","5/17/2024","843","97.2"
"SKU1","2024","2024-05","May","5/18/2024","843","0"
"SKU1","2024","2024-05","May","5/19/2024","843","0"
"SKU1","2024","2024-05","May","5/20/2024","843","0"
"SKU1","2024","2024-05","May","5/21/2024","843","0.35"
"SKU1","2024","2024-05","May","5/22/2024","843","0"
"SKU1","2024","2024-05","May","5/23/2024","843","97.92"
"SKU1","2024","2024-05","May","5/24/2024","843","84.96"
"SKU1","2024","2024-05","May","5/25/2024","843","0"
"SKU1","2024","2024-05","May","5/26/2024","843","0"
"SKU1","2024","2024-05","May","5/27/2024","843","0"
"SKU1","2024","2024-05","May","5/28/2024","843","0.6"
"SKU1","2024","2024-05","May","5/29/2024","843","1.68"
"SKU1","2024","2024-05","May","5/30/2024","843","60.36"
"SKU1","2024","2024-05","May","5/31/2024","843","60.24"
"SKU1","2024","2024-06","June","6/1/2024","742","0"
"SKU1","2024","2024-06","June","6/2/2024","742","0"
"SKU1","2024","2024-06","June","6/3/2024","742","0.15"
"SKU1","2024","2024-06","June","6/4/2024","742","1.11"
"SKU1","2024","2024-06","June","6/5/2024","742","0"
"SKU1","2024","2024-06","June","6/6/2024","742","84.15"
"SKU1","2024","2024-06","June","6/7/2024","742","63.96"
"SKU1","2024","2024-06","June","6/8/2024","742","0"
"SKU1","2024","2024-06","June","6/9/2024","742","0"
"SKU1","2024","2024-06","June","6/10/2024","742","0.18"
"SKU1","2024","2024-06","June","6/11/2024","742","2.72"
"SKU1","2024","2024-06","June","6/12/2024","742","0"
"SKU1","2024","2024-06","June","6/13/2024","742","86.93"
"SKU1","2024","2024-06","June","6/14/2024","742","92.28"
"SKU1","2024","2024-06","June","6/15/2024","742","0"
"SKU1","2024","2024-06","June","6/16/2024","742","0"
"SKU1","2024","2024-06","June","6/17/2024","742","2.43"
"SKU1","2024","2024-06","June","6/18/2024","742","1.24"
"SKU1","2024","2024-06","June","6/19/2024","742","0.24"
"SKU1","2024","2024-06","June","6/20/2024","742","85.61"
"SKU1","2024","2024-06","June","6/21/2024","742","86.81"
"SKU1","2024","2024-06","June","6/22/2024","742","0"
"SKU1","2024","2024-06","June","6/23/2024","742","0"
"SKU1","2024","2024-06","June","6/24/2024","742","0.68"
"SKU1","2024","2024-06","June","6/25/2024","742","1.32"
"SKU1","2024","2024-06","June","6/26/2024","742","0"
"SKU1","2024","2024-06","June","6/27/2024","742","43.1"
"SKU1","2024","2024-06","June","6/28/2024","742","0"
"SKU1","2024","2024-06","June","6/29/2024","742","188.99"
"SKU1","2024","2024-06","June","6/30/2024","742","0"
"SKU1","2024","2024-07","July","7/1/2024","517","4.69"
"SKU1","2024","2024-07","July","7/2/2024","517","28.87"
"SKU1","2024","2024-07","July","7/3/2024","517","43.4"
"SKU1","2024","2024-07","July","7/4/2024","517","0"
"SKU1","2024","2024-07","July","7/5/2024","517","5.01"
"SKU1","2024","2024-07","July","7/6/2024","517","0"
"SKU1","2024","2024-07","July","7/7/2024","517","0"
"SKU1","2024","2024-07","July","7/8/2024","517","0.76"
"SKU1","2024","2024-07","July","7/9/2024","517","18.65"
"SKU1","2024","2024-07","July","7/10/2024","517","0"
"SKU1","2024","2024-07","July","7/11/2024","517","54.91"
"SKU1","2024","2024-07","July","7/12/2024","517","0"
"SKU1","2024","2024-07","July","7/13/2024","517","0"
"SKU1","2024","2024-07","July","7/14/2024","517","0"
"SKU1","2024","2024-07","July","7/15/2024","517","0.24"
"SKU1","2024","2024-07","July","7/16/2024","517","90.72"
"SKU1","2024","2024-07","July","7/17/2024","517","2.52"
"SKU1","2024","2024-07","July","7/18/2024","517","97.95"
"SKU1","2024","2024-07","July","7/19/2024","517","0"
"SKU1","2024","2024-07","July","7/20/2024","517","0"
"SKU1","2024","2024-07","July","7/21/2024","517","0"
"SKU1","2024","2024-07","July","7/22/2024","517","3.36"
"SKU1","2024","2024-07","July","7/23/2024","517","40.76"
"SKU1","2024","2024-07","July","7/24/2024","517","0"
"SKU1","2024","2024-07","July","7/25/2024","517","0"
"SKU1","2024","2024-07","July","7/26/2024","517","88.36"
"SKU1","2024","2024-07","July","7/27/2024","517","0"
"SKU1","2024","2024-07","July","7/28/2024","517","0"
"SKU1","2024","2024-07","July","7/29/2024","517","1"
"SKU1","2024","2024-07","July","7/30/2024","517","36.21"
"SKU1","2024","2024-07","July","7/31/2024","517","0"
"SKU1","2024","2024-08","August","8/1/2024","747","51.81"
"SKU1","2024","2024-08","August","8/2/2024","747","25.42"
"SKU1","2024","2024-08","August","8/3/2024","747","0"
"SKU1","2024","2024-08","August","8/4/2024","747","0"
"SKU1","2024","2024-08","August","8/5/2024","747","0.24"
"SKU1","2024","2024-08","August","8/6/2024","747","128.8"
"SKU1","2024","2024-08","August","8/7/2024","747","3.64"
"SKU1","2024","2024-08","August","8/8/2024","747","95.54"
"SKU1","2024","2024-08","August","8/9/2024","747","5.88"
"SKU1","2024","2024-08","August","8/10/2024","747","0"
"SKU1","2024","2024-08","August","8/11/2024","747","0"
"SKU1","2024","2024-08","August","8/12/2024","747","0.72"
"SKU1","2024","2024-08","August","8/13/2024","747","81.07"
"SKU1","2024","2024-08","August","8/14/2024","747","3.64"
"SKU1","2024","2024-08","August","8/15/2024","747","99.06"
"SKU1","2024","2024-08","August","8/16/2024","747","0.3"
"SKU1","2024","2024-08","August","8/17/2024","747","0"
"SKU1","2024","2024-08","August","8/18/2024","747","0"
"SKU1","2024","2024-08","August","8/19/2024","747","0.97"
"SKU1","2024","2024-08","August","8/20/2024","747","0"
"SKU1","2024","2024-08","August","8/21/2024","747","0.12"
"SKU1","2024","2024-08","August","8/22/2024","747","88.26"
"SKU1","2024","2024-08","August","8/23/2024","747","0.24"
"SKU1","2024","2024-08","August","8/24/2024","747","0"
"SKU1","2024","2024-08","August","8/25/2024","747","0"
"SKU1","2024","2024-08","August","8/26/2024","747","0"
"SKU1","2024","2024-08","August","8/27/2024","747","53.61"
"SKU1","2024","2024-08","August","8/28/2024","747","1.2"
"SKU1","2024","2024-08","August","8/29/2024","747","97.14"
"SKU1","2024","2024-08","August","8/30/2024","747","9.59"
"SKU1","2024","2024-08","August","8/31/2024","747","0"
"SKU1","2024","2024-09","September","9/1/2024","809","0"
"SKU1","2024","2024-09","September","9/2/2024","809","0"
"SKU1","2024","2024-09","September","9/3/2024","809","143.04"
"SKU1","2024","2024-09","September","9/4/2024","809","0.12"
"SKU1","2024","2024-09","September","9/5/2024","809","52.2"
"SKU1","2024","2024-09","September","9/6/2024","809","7.51"
"SKU1","2024","2024-09","September","9/7/2024","809","0"
"SKU1","2024","2024-09","September","9/8/2024","809","0"
"SKU1","2024","2024-09","September","9/9/2024","809","0"
"SKU1","2024","2024-09","September","9/10/2024","809","80"
"SKU1","2024","2024-09","September","9/11/2024","809","1.38"
"SKU1","2024","2024-09","September","9/12/2024","809","105.36"
"SKU1","2024","2024-09","September","9/13/2024","809","8.88"
"SKU1","2024","2024-09","September","9/14/2024","809","0"
"SKU1","2024","2024-09","September","9/15/2024","809","0"
"SKU1","2024","2024-09","September","9/16/2024","809","1.68"
"SKU1","2024","2024-09","September","9/17/2024","809","61.74"
"SKU1","2024","2024-09","September","9/18/2024","809","3.15"
"SKU1","2024","2024-09","September","9/19/2024","809","168.56"
"SKU1","2024","2024-09","September","9/20/2024","809","16.96"
"SKU1","2024","2024-09","September","9/21/2024","809","0"
"SKU1","2024","2024-09","September","9/22/2024","809","0"
"SKU1","2024","2024-09","September","9/23/2024","809","3.7"
"SKU1","2024","2024-09","September","9/24/2024","809","24.93"
"SKU1","2024","2024-09","September","9/25/2024","809","5.12"
"SKU1","2024","2024-09","September","9/26/2024","809","119.69"
"SKU1","2024","2024-09","September","9/27/2024","809","4.56"
"SKU1","2024","2024-09","September","9/28/2024","809","0"
"SKU1","2024","2024-09","September","9/29/2024","809","0"
"SKU1","2024","2024-09","September","9/30/2024","809","0.6"
"SKU1","2024","2024-10","October","10/1/2024","967","4.67"
"SKU1","2024","2024-10","October","10/2/2024","967","3.94"
"SKU1","2024","2024-10","October","10/3/2024","967","142.15"
"SKU1","2024","2024-10","October","10/4/2024","967","3.45"
"SKU1","2024","2024-10","October","10/5/2024","967","0"
"SKU1","2024","2024-10","October","10/6/2024","967","0"
"SKU1","2024","2024-10","October","10/7/2024","967","0.2"
"SKU1","2024","2024-10","October","10/8/2024","967","0.01"
"SKU1","2024","2024-10","October","10/9/2024","967","209.64"
"SKU1","2024","2024-10","October","10/10/2024","967","76.57"
"SKU1","2024","2024-10","October","10/11/2024","967","0.2"
"SKU1","2024","2024-10","October","10/12/2024","967","0"
"SKU1","2024","2024-10","October","10/13/2024","967","0"
"SKU1","2024","2024-10","October","10/14/2024","967","9.84"
"SKU1","2024","2024-10","October","10/15/2024","967","121.45"
"SKU1","2024","2024-10","October","10/16/2024","967","3.24"
"SKU1","2024","2024-10","October","10/17/2024","967","88.88"
"SKU1","2024","2024-10","October","10/18/2024","967","3.35"
"SKU1","2024","2024-10","October","10/19/2024","967","0"
"SKU1","2024","2024-10","October","10/20/2024","967","0"
"SKU1","2024","2024-10","October","10/21/2024","967","0.96"
"SKU1","2024","2024-10","October","10/22/2024","967","1.1"
"SKU1","2024","2024-10","October","10/23/2024","967","43.09"
"SKU1","2024","2024-10","October","10/24/2024","967","94.84"
"SKU1","2024","2024-10","October","10/25/2024","967","1.32"
"SKU1","2024","2024-10","October","10/26/2024","967","0"
"SKU1","2024","2024-10","October","10/27/2024","967","0"
"SKU1","2024","2024-10","October","10/28/2024","967","0.6"
"SKU1","2024","2024-10","October","10/29/2024","967","66.13"
"SKU1","2024","2024-10","October","10/30/2024","967","0.51"
"SKU1","2024","2024-10","October","10/31/2024","967","90.96"
"SKU1","2024","2024-11","November","11/1/2024","503","0"
"SKU1","2024","2024-11","November","11/2/2024","503","0"
"SKU1","2024","2024-11","November","11/3/2024","503","0"
"SKU1","2024","2024-11","November","11/4/2024","503","0.34"
"SKU1","2024","2024-11","November","11/5/2024","503","88.45"
"SKU1","2024","2024-11","November","11/6/2024","503","0.36"
"SKU1","2024","2024-11","November","11/7/2024","503","92.28"
"SKU1","2024","2024-11","November","11/8/2024","503","6.48"
"SKU1","2024","2024-11","November","11/9/2024","503","0"
"SKU1","2024","2024-11","November","11/10/2024","503","0"
"SKU1","2024","2024-11","November","11/11/2024","503","0.12"
"SKU1","2024","2024-11","November","11/12/2024","503","21.37"
"SKU1","2024","2024-11","November","11/13/2024","503","0.12"
"SKU1","2024","2024-11","November","11/14/2024","503","98.16"
"SKU1","2024","2024-11","November","11/15/2024","503","1.2"
"SKU1","2024","2024-11","November","11/16/2024","503","0"
"SKU1","2024","2024-11","November","11/17/2024","503","0"
"SKU1","2024","2024-11","November","11/18/2024","503","0"
"SKU1","2024","2024-11","November","11/19/2024","503","6.36"
"SKU1","2024","2024-11","November","11/20/2024","503","0"
"SKU1","2024","2024-11","November","11/21/2024","503","42.01"
"SKU1","2024","2024-11","November","11/22/2024","503","4.8"
"SKU1","2024","2024-11","November","11/23/2024","503","0"
"SKU1","2024","2024-11","November","11/24/2024","503","0"
"SKU1","2024","2024-11","November","11/25/2024","503","0.96"
"SKU1","2024","2024-11","November","11/26/2024","503","97.6"
"SKU1","2024","2024-11","November","11/27/2024","503","42"
"SKU1","2024","2024-11","November","11/28/2024","503","0"
"SKU1","2024","2024-11","November","11/29/2024","503","0"
"SKU1","2024","2024-11","November","11/30/2024","503","0"
"SKU1","2024","2024-12","December","12/1/2024","467","0"
"SKU1","2024","2024-12","December","12/2/2024","467","0.3"
"SKU1","2024","2024-12","December","12/3/2024","467","90.96"
"SKU1","2024","2024-12","December","12/4/2024","467","1.32"
"SKU1","2024","2024-12","December","12/5/2024","467","25.08"
"SKU1","2024","2024-12","December","12/6/2024","467","0"
"SKU1","2024","2024-12","December","12/7/2024","467","0"
"SKU1","2024","2024-12","December","12/8/2024","467","0"
"SKU1","2024","2024-12","December","12/9/2024","467","7.2"
"SKU1","2024","2024-12","December","12/10/2024","467","18.9"
"SKU1","2024","2024-12","December","12/11/2024","467","0.24"
"SKU1","2024","2024-12","December","12/12/2024","467","124.08"
"SKU1","2024","2024-12","December","12/13/2024","467","0.01"
"SKU1","2024","2024-12","December","12/14/2024","467","0"
"SKU1","2024","2024-12","December","12/15/2024","467","0"
"SKU1","2024","2024-12","December","12/16/2024","467","0"
"SKU1","2024","2024-12","December","12/17/2024","467","106.93"
"SKU1","2024","2024-12","December","12/18/2024","467","5.16"
"SKU1","2024","2024-12","December","12/19/2024","467","43.16"
"SKU1","2024","2024-12","December","12/20/2024","467","0.96"
"SKU1","2024","2024-12","December","12/21/2024","467","0"
"SKU1","2024","2024-12","December","12/22/2024","467","0"
"SKU1","2024","2024-12","December","12/23/2024","467","0"
"SKU1","2024","2024-12","December","12/24/2024","467","3"
"SKU1","2024","2024-12","December","12/25/2024","467","0"
"SKU1","2024","2024-12","December","12/26/2024","467","38.66"
"SKU1","2024","2024-12","December","12/27/2024","467","0.84"
"SKU1","2024","2024-12","December","12/28/2024","467","0"
"SKU1","2024","2024-12","December","12/29/2024","467","0"
"SKU1","2024","2024-12","December","12/30/2024","467","0"
"SKU1","2024","2024-12","December","12/31/2024","467","0.24"
"SKU1","2025","2025-01","January","1/1/2025","522","0"
"SKU1","2025","2025-01","January","1/2/2025","522","89.47"
"SKU1","2025","2025-01","January","1/3/2025","522","0.38"
"SKU1","2025","2025-01","January","1/4/2025","522","0"
"SKU1","2025","2025-01","January","1/5/2025","522","0"
"SKU1","2025","2025-01","January","1/6/2025","522","0.2"
"SKU1","2025","2025-01","January","1/7/2025","522","49.15"
"SKU1","2025","2025-01","January","1/8/2025","522","5.54"
"SKU1","2025","2025-01","January","1/9/2025","522","43.1"
"SKU1","2025","2025-01","January","1/10/2025","522","2.23"
"SKU1","2025","2025-01","January","1/11/2025","522","0"
"SKU1","2025","2025-01","January","1/12/2025","522","0"
"SKU1","2025","2025-01","January","1/13/2025","522","0"
"SKU1","2025","2025-01","January","1/14/2025","522","30.22"
"SKU1","2025","2025-01","January","1/15/2025","522","0"
"SKU1","2025","2025-01","January","1/16/2025","522","82.65"
"SKU1","2025","2025-01","January","1/17/2025","522","3.53"
"SKU1","2025","2025-01","January","1/18/2025","522","0"
"SKU1","2025","2025-01","January","1/19/2025","522","0"
"SKU1","2025","2025-01","January","1/20/2025","522","0"
"SKU1","2025","2025-01","January","1/21/2025","522","72.71"
"SKU1","2025","2025-01","January","1/22/2025","522","0.38"
"SKU1","2025","2025-01","January","1/23/2025","522","80.4"
"SKU1","2025","2025-01","January","1/24/2025","522","0.13"
"SKU1","2025","2025-01","January","1/25/2025","522","0"
"SKU1","2025","2025-01","January","1/26/2025","522","0"
"SKU1","2025","2025-01","January","1/27/2025","522","0"
"SKU1","2025","2025-01","January","1/28/2025","522","61.76"
"SKU1","2025","2025-01","January","1/29/2025","522","0.38"
"SKU1","2025","2025-01","January","1/30/2025","522","0"
"SKU1","2025","2025-01","January","1/31/2025","522","0"
"SKU1","2025","2025-02","February","2/1/2025","600","0"
"SKU1","2025","2025-02","February","2/2/2025","600","0"
"SKU1","2025","2025-02","February","2/3/2025","600","65.57"
"SKU1","2025","2025-02","February","2/4/2025","600","56.92"
"SKU1","2025","2025-02","February","2/5/2025","600","0.23"
"SKU1","2025","2025-02","February","2/6/2025","600","0.12"
"SKU1","2025","2025-02","February","2/7/2025","600","84.92"
"SKU1","2025","2025-02","February","2/8/2025","600","0"
"SKU1","2025","2025-02","February","2/9/2025","600","0"
"SKU1","2025","2025-02","February","2/10/2025","600","0.23"
"SKU1","2025","2025-02","February","2/11/2025","600","0.93"
"SKU1","2025","2025-02","February","2/12/2025","600","5.76"
"SKU1","2025","2025-02","February","2/13/2025","600","123.64"
"SKU1","2025","2025-02","February","2/14/2025","600","0.09"
"SKU1","2025","2025-02","February","2/15/2025","600","0"
"SKU1","2025","2025-02","February","2/16/2025","600","0"
"SKU1","2025","2025-02","February","2/17/2025","600","0"
"SKU1","2025","2025-02","February","2/18/2025","600","55.31"
"SKU1","2025","2025-02","February","2/19/2025","600","0"
"SKU1","2025","2025-02","February","2/20/2025","600","90.8"
"SKU1","2025","2025-02","February","2/21/2025","600","0"
"SKU1","2025","2025-02","February","2/22/2025","600","0"
"SKU1","2025","2025-02","February","2/23/2025","600","0"
"SKU1","2025","2025-02","February","2/24/2025","600","1.38"
"SKU1","2025","2025-02","February","2/25/2025","600","40.33"
"SKU1","2025","2025-02","February","2/26/2025","600","0.35"
"SKU1","2025","2025-02","February","2/27/2025","600","73.29"
"SKU1","2025","2025-02","February","2/28/2025","600","0.12"
"SKU1","2025","2025-03","March","3/1/2025","572","0"
"SKU1","2025","2025-03","March","3/2/2025","572","0"
"SKU1","2025","2025-03","March","3/3/2025","572","0.2"
"SKU1","2025","2025-03","March","3/4/2025","572","88.44"
"SKU1","2025","2025-03","March","3/5/2025","572","0"
"SKU1","2025","2025-03","March","3/6/2025","572","2.62"
"SKU1","2025","2025-03","March","3/7/2025","572","42.24"
"SKU1","2025","2025-03","March","3/8/2025","572","0"
"SKU1","2025","2025-03","March","3/9/2025","572","0"
"SKU1","2025","2025-03","March","3/10/2025","572","0"
"SKU1","2025","2025-03","March","3/11/2025","572","56.65"
"SKU1","2025","2025-03","March","3/12/2025","572","0"
"SKU1","2025","2025-03","March","3/13/2025","572","53.93"
"SKU1","2025","2025-03","March","3/14/2025","572","40.08"
"SKU1","2025","2025-03","March","3/15/2025","572","0"
"SKU1","2025","2025-03","March","3/16/2025","572","0"
"SKU1","2025","2025-03","March","3/17/2025","572","1.08"
"SKU1","2025","2025-03","March","3/18/2025","572","53.4"
"SKU1","2025","2025-03","March","3/19/2025","572","0.12"
"SKU1","2025","2025-03","March","3/20/2025","572","72.48"
"SKU1","2025","2025-03","March","3/21/2025","572","4.82"
"SKU1","2025","2025-03","March","3/22/2025","572","0"
"SKU1","2025","2025-03","March","3/23/2025","572","0"
"SKU1","2025","2025-03","March","3/24/2025","572","12.76"
"SKU1","2025","2025-03","March","3/25/2025","572","54.24"
"SKU1","2025","2025-03","March","3/26/2025","572","0"
"SKU1","2025","2025-03","March","3/27/2025","572","81.36"
"SKU1","2025","2025-03","March","3/28/2025","572","0.24"
"SKU1","2025","2025-03","March","3/29/2025","572","0"
"SKU1","2025","2025-03","March","3/30/2025","572","0"
"SKU1","2025","2025-03","March","3/31/2025","572","7.25"
"SKU1","2025","2025-04","April","4/1/2025","670","66.49"
"SKU1","2025","2025-04","April","4/2/2025","670","0.72"
"SKU1","2025","2025-04","April","4/3/2025","670","74.28"
"SKU1","2025","2025-04","April","4/4/2025","670","0"
"SKU1","2025","2025-04","April","4/5/2025","670","0"
"SKU1","2025","2025-04","April","4/6/2025","670","0"
"SKU1","2025","2025-04","April","4/7/2025","670","0"
"SKU1","2025","2025-04","April","4/8/2025","670","67.73"
"SKU1","2025","2025-04","April","4/9/2025","670","0.24"
"SKU1","2025","2025-04","April","4/10/2025","670","92.04"
"SKU1","2025","2025-04","April","4/11/2025","670","4.75"
"SKU1","2025","2025-04","April","4/12/2025","670","0"
"SKU1","2025","2025-04","April","4/13/2025","670","0"
"SKU1","2025","2025-04","April","4/14/2025","670","0.01"
"SKU1","2025","2025-04","April","4/15/2025","670","59.64"
"SKU1","2025","2025-04","April","4/16/2025","670","1.44"
"SKU1","2025","2025-04","April","4/17/2025","670","86.88"
"SKU1","2025","2025-04","April","4/18/2025","670","3.36"
"SKU1","2025","2025-04","April","4/19/2025","670","0"
"SKU1","2025","2025-04","April","4/20/2025","670","0"
"SKU1","2025","2025-04","April","4/21/2025","670","0"
"SKU1","2025","2025-04","April","4/22/2025","670","63.37"
"SKU1","2025","2025-04","April","4/23/2025","670","0.02"
"SKU1","2025","2025-04","April","4/24/2025","670","86.15"
"SKU1","2025","2025-04","April","4/25/2025","670","2.88"
"SKU1","2025","2025-04","April","4/26/2025","670","0"
"SKU1","2025","2025-04","April","4/27/2025","670","0"
"SKU1","2025","2025-04","April","4/28/2025","670","1.62"
"SKU1","2025","2025-04","April","4/29/2025","670","58.09"
"SKU1","2025","2025-04","April","4/30/2025","670","0.72"
"SKU1","2025","2025-05","May","5/1/2025","724","84.75"
"SKU1","2025","2025-05","May","5/2/2025","724","0.02"
"SKU1","2025","2025-05","May","5/3/2025","724","0"
"SKU1","2025","2025-05","May","5/4/2025","724","0"
"SKU1","2025","2025-05","May","5/5/2025","724","5.16"
"SKU1","2025","2025-05","May","5/6/2025","724","60.62"
"SKU1","2025","2025-05","May","5/7/2025","724","5.16"
"SKU1","2025","2025-05","May","5/8/2025","724","93.22"
"SKU1","2025","2025-05","May","5/9/2025","724","0.96"
"SKU1","2025","2025-05","May","5/10/2025","724","0"
"SKU1","2025","2025-05","May","5/11/2025","724","0"
"SKU1","2025","2025-05","May","5/12/2025","724","2.16"
"SKU1","2025","2025-05","May","5/13/2025","724","49.12"
"SKU1","2025","2025-05","May","5/14/2025","724","0.48"
"SKU1","2025","2025-05","May","5/15/2025","724","97"
"SKU1","2025","2025-05","May","5/16/2025","724","2.16"
"SKU1","2025","2025-05","May","5/17/2025","724","0"
"SKU1","2025","2025-05","May","5/18/2025","724","0"
"SKU1","2025","2025-05","May","5/19/2025","724","0.1"
"SKU1","2025","2025-05","May","5/20/2025","724","62.12"
"SKU1","2025","2025-05","May","5/21/2025","724","0.06"
"SKU1","2025","2025-05","May","5/22/2025","724","122.87"
"SKU1","2025","2025-05","May","5/23/2025","724","4.38"
"SKU1","2025","2025-05","May","5/24/2025","724","0"
"SKU1","2025","2025-05","May","5/25/2025","724","0"
"SKU1","2025","2025-05","May","5/26/2025","724","0"
"SKU1","2025","2025-05","May","5/27/2025","724","66.62"
"SKU1","2025","2025-05","May","5/28/2025","724","0"
"SKU1","2025","2025-05","May","5/29/2025","724","63.92"
"SKU1","2025","2025-05","May","5/30/2025","724","0"
"SKU1","2025","2025-05","May","5/31/2025","724","3"
"SKU1","2025","2025-06","June","6/1/2025","683","0"
"SKU1","2025","2025-06","June","6/2/2025","683","0.54"
"SKU1","2025","2025-06","June","6/3/2025","683","64.16"
"SKU1","2025","2025-06","June","6/4/2025","683","1.72"
"SKU1","2025","2025-06","June","6/5/2025","683","98.2"
"SKU1","2025","2025-06","June","6/6/2025","683","3.12"
"SKU1","2025","2025-06","June","6/7/2025","683","0"
"SKU1","2025","2025-06","June","6/8/2025","683","0"
"SKU1","2025","2025-06","June","6/9/2025","683","0"
"SKU1","2025","2025-06","June","6/10/2025","683","72.9"
"SKU1","2025","2025-06","June","6/11/2025","683","0.49"
"SKU1","2025","2025-06","June","6/12/2025","683","107.4"
"SKU1","2025","2025-06","June","6/13/2025","683","7.2"
"SKU1","2025","2025-06","June","6/14/2025","683","0"
"SKU1","2025","2025-06","June","6/15/2025","683","0"
"SKU1","2025","2025-06","June","6/16/2025","683","0.6"
"SKU1","2025","2025-06","June","6/17/2025","683","60.29"
"SKU1","2025","2025-06","June","6/18/2025","683","2.49"
"SKU1","2025","2025-06","June","6/19/2025","683","91.93"
"SKU1","2025","2025-06","June","6/20/2025","683","5.94"
"SKU1","2025","2025-06","June","6/21/2025","683","0"
"SKU1","2025","2025-06","June","6/22/2025","683","0"
"SKU1","2025","2025-06","June","6/23/2025","683","1.19"
"SKU1","2025","2025-06","June","6/24/2025","683","57.84"
"SKU1","2025","2025-06","June","6/25/2025","683","0.1"
"SKU1","2025","2025-06","June","6/26/2025","683","106.8"
"SKU1","2025","2025-06","June","6/27/2025","683","0"
"SKU1","2025","2025-06","June","6/28/2025","683","0"
"SKU1","2025","2025-06","June","6/29/2025","683","0"
"SKU1","2025","2025-06","June","6/30/2025","683","0.19"
"SKU1","2025","2025-07","July","7/1/2025","1085","47.35"
"SKU1","2025","2025-07","July","7/2/2025","1085","1.1"
"SKU1","2025","2025-07","July","7/3/2025","1085","96.68"
"SKU1","2025","2025-07","July","7/4/2025","1085","0"
"SKU1","2025","2025-07","July","7/5/2025","1085","0"
"SKU1","2025","2025-07","July","7/6/2025","1085","0"
"SKU1","2025","2025-07","July","7/7/2025","1085","0.67"
"SKU1","2025","2025-07","July","7/8/2025","1085","58.44"
"SKU1","2025","2025-07","July","7/9/2025","1085","1.46"
"SKU1","2025","2025-07","July","7/10/2025","1085","47.59"
"SKU1","2025","2025-07","July","7/11/2025","1085","0"
"SKU1","2025","2025-07","July","7/12/2025","1085","0"
"SKU1","2025","2025-07","July","7/13/2025","1085","0"
"SKU1","2025","2025-07","July","7/14/2025","1085","7.3"
"SKU1","2025","2025-07","July","7/15/2025","1085","48.58"
"SKU1","2025","2025-07","July","7/16/2025","1085","0.8"
"SKU1","2025","2025-07","July","7/17/2025","1085","122.79"
"SKU1","2025","2025-07","July","7/18/2025","1085","0.97"
"SKU1","2025","2025-07","July","7/19/2025","1085","14.41"
"SKU1","2025","2025-07","July","7/20/2025","1085","0"
"SKU1","2025","2025-07","July","7/21/2025","1085","0"
"SKU1","2025","2025-07","July","7/22/2025","1085","154.64"
"SKU1","2025","2025-07","July","7/23/2025","1085","87.46"
"SKU1","2025","2025-07","July","7/24/2025","1085","168.58"
"SKU1","2025","2025-07","July","7/25/2025","1085","0"
"SKU1","2025","2025-07","July","7/26/2025","1085","5.92"
"SKU1","2025","2025-07","July","7/27/2025","1085","0"
"SKU1","2025","2025-07","July","7/28/2025","1085","0"
"SKU1","2025","2025-07","July","7/29/2025","1085","111.25"
"SKU1","2025","2025-07","July","7/30/2025","1085","3.26"
"SKU1","2025","2025-07","July","7/31/2025","1085","105.37"
"SKU1","2025","2025-08","August","8/1/2025","602","21.87"
"SKU1","2025","2025-08","August","8/2/2025","602","0"
"SKU1","2025","2025-08","August","8/3/2025","602","0"
"SKU1","2025","2025-08","August","8/4/2025","602","3.26"
"SKU1","2025","2025-08","August","8/5/2025","602","45.85"
"SKU1","2025","2025-08","August","8/6/2025","602","3.42"
"SKU1","2025","2025-08","August","8/7/2025","602","101.59"
"SKU1","2025","2025-08","August","8/8/2025","602","8.19"
"SKU1","2025","2025-08","August","8/9/2025","602","0"
"SKU1","2025","2025-08","August","8/10/2025","602","0"
"SKU1","2025","2025-08","August","8/11/2025","602","0"
"SKU1","2025","2025-08","August","8/12/2025","602","15.41"
"SKU1","2025","2025-08","August","8/13/2025","602","1.45"
"SKU1","2025","2025-08","August","8/14/2025","602","126.3"
"SKU1","2025","2025-08","August","8/15/2025","602","7.4"
"SKU1","2025","2025-08","August","8/16/2025","602","0"
"SKU1","2025","2025-08","August","8/17/2025","602","0"
"SKU1","2025","2025-08","August","8/18/2025","602","4.55"
"SKU1","2025","2025-08","August","8/19/2025","602","10.74"
"SKU1","2025","2025-08","August","8/20/2025","602","0.2"
"SKU1","2025","2025-08","August","8/21/2025","602","118.3"
"SKU1","2025","2025-08","August","8/22/2025","602","3.03"
"SKU1","2025","2025-08","August","8/23/2025","602","0"
"SKU1","2025","2025-08","August","8/24/2025","602","0"
"SKU1","2025","2025-08","August","8/25/2025","602","46.13"
"SKU1","2025","2025-08","August","8/26/2025","602","1.29"
"SKU1","2025","2025-08","August","8/27/2025","602","3.15"
"SKU1","2025","2025-08","August","8/28/2025","602","75.67"
"SKU1","2025","2025-08","August","8/29/2025","602","3.79"
"SKU1","2025","2025-08","August","8/30/2025","602","0"
"SKU1","2025","2025-08","August","8/31/2025","602","0"
"SKU1","2025","2025-09","September","9/1/2025","792","0"
"SKU1","2025","2025-09","September","9/2/2025","792","51.31"
"SKU1","2025","2025-09","September","9/3/2025","792","1.12"
"SKU1","2025","2025-09","September","9/4/2025","792","42.15"
"SKU1","2025","2025-09","September","9/5/2025","792","3.6"
"SKU1","2025","2025-09","September","9/6/2025","792","0"
"SKU1","2025","2025-09","September","9/7/2025","792","0"
"SKU1","2025","2025-09","September","9/8/2025","792","13.09"
"SKU1","2025","2025-09","September","9/9/2025","792","24.82"
"SKU1","2025","2025-09","September","9/10/2025","792","19.32"
"SKU1","2025","2025-09","September","9/11/2025","792","94.37"
"SKU1","2025","2025-09","September","9/12/2025","792","4.57"
"SKU1","2025","2025-09","September","9/13/2025","792","0"
"SKU1","2025","2025-09","September","9/14/2025","792","0"
"SKU1","2025","2025-09","September","9/15/2025","792","0"
"SKU1","2025","2025-09","September","9/16/2025","792","40.24"
"SKU1","2025","2025-09","September","9/17/2025","792","53.09"
"SKU1","2025","2025-09","September","9/18/2025","792","162.26"
"SKU1","2025","2025-09","September","9/19/2025","792","8.58"
"SKU1","2025","2025-09","September","9/20/2025","792","0"
"SKU1","2025","2025-09","September","9/21/2025","792","0"
"SKU1","2025","2025-09","September","9/22/2025","792","8.78"
"SKU1","2025","2025-09","September","9/23/2025","792","54.79"
"SKU1","2025","2025-09","September","9/24/2025","792","14.14"
"SKU1","2025","2025-09","September","9/25/2025","792","118.45"
"SKU1","2025","2025-09","September","9/26/2025","792","8.93"
"SKU1","2025","2025-09","September","9/27/2025","792","0"
"SKU1","2025","2025-09","September","9/28/2025","792","0"
"SKU1","2025","2025-09","September","9/29/2025","792","3.13"
"SKU1","2025","2025-09","September","9/30/2025","792","65.48"
"SKU1","2025","2025-10","October","10/1/2025","854","3"
"SKU1","2025","2025-10","October","10/2/2025","854","150.31"
"SKU1","2025","2025-10","October","10/3/2025","854","15.13"
"SKU1","2025","2025-10","October","10/4/2025","854","0"
"SKU1","2025","2025-10","October","10/5/2025","854","0"
"SKU1","2025","2025-10","October","10/6/2025","854","1.08"
"SKU1","2025","2025-10","October","10/7/2025","854","106.72"
"SKU1","2025","2025-10","October","10/8/2025","854","0.52"
"SKU1","2025","2025-10","October","10/9/2025","854","88.92"
"SKU1","2025","2025-10","October","10/10/2025","854","1.27"
"SKU1","2025","2025-10","October","10/11/2025","854","0"
"SKU1","2025","2025-10","October","10/12/2025","854","0"
"SKU1","2025","2025-10","October","10/13/2025","854","0.12"
"SKU1","2025","2025-10","October","10/14/2025","854","4"
"SKU1","2025","2025-10","October","10/15/2025","854","92.25"
"SKU1","2025","2025-10","October","10/16/2025","854","87.2"
"SKU1","2025","2025-10","October","10/17/2025","854","28.61"
"SKU1","2025","2025-10","October","10/18/2025","854","0"
"SKU1","2025","2025-10","October","10/19/2025","854","0"
"SKU1","2025","2025-10","October","10/20/2025","854","0.96"
"SKU1","2025","2025-10","October","10/21/2025","854","33.37"
"SKU1","2025","2025-10","October","10/22/2025","854","1.64"
"SKU1","2025","2025-10","October","10/23/2025","854","89.82"
"SKU1","2025","2025-10","October","10/24/2025","854","1"
"SKU1","2025","2025-10","October","10/25/2025","854","0"
"SKU1","2025","2025-10","October","10/26/2025","854","0"
"SKU1","2025","2025-10","October","10/27/2025","854","5.28"
"SKU1","2025","2025-10","October","10/28/2025","854","14.76"
"SKU1","2025","2025-10","October","10/29/2025","854","0.48"
"SKU1","2025","2025-10","October","10/30/2025","854","119.88"
"SKU1","2025","2025-10","October","10/31/2025","854","7.2"
"SKU1","2025","2025-11","November","11/1/2025","828","0"
"SKU1","2025","2025-11","November","11/2/2025","828","0"
"SKU1","2025","2025-11","November","11/3/2025","828","0.75"
"SKU1","2025","2025-11","November","11/4/2025","828","175.37"
"SKU1","2025","2025-11","November","11/5/2025","828","0.72"
"SKU1","2025","2025-11","November","11/6/2025","828","111.71"
"SKU1","2025","2025-11","November","11/7/2025","828","6.03"
"SKU1","2025","2025-11","November","11/8/2025","828","0"
"SKU1","2025","2025-11","November","11/9/2025","828","0"
"SKU1","2025","2025-11","November","11/10/2025","828","0.74"
"SKU1","2025","2025-11","November","11/11/2025","828","49.51"
"SKU1","2025","2025-11","November","11/12/2025","828","13.17"
"SKU1","2025","2025-11","November","11/13/2025","828","103.08"
"SKU1","2025","2025-11","November","11/14/2025","828","4.42"
"SKU1","2025","2025-11","November","11/15/2025","828","0"
"SKU1","2025","2025-11","November","11/16/2025","828","0"
"SKU1","2025","2025-11","November","11/17/2025","828","6.43"
"SKU1","2025","2025-11","November","11/18/2025","828","30.01"
"SKU1","2025","2025-11","November","11/19/2025","828","2.75"
"SKU1","2025","2025-11","November","11/20/2025","828","143.02"
"SKU1","2025","2025-11","November","11/21/2025","828","7.08"
"SKU1","2025","2025-11","November","11/22/2025","828","0"
"SKU1","2025","2025-11","November","11/23/2025","828","0"
"SKU1","2025","2025-11","November","11/24/2025","828","2.16"
"SKU1","2025","2025-11","November","11/25/2025","828","106.62"
"SKU1","2025","2025-11","November","11/26/2025","828","64.16"
"SKU1","2025","2025-11","November","11/27/2025","828","0"
"SKU1","2025","2025-11","November","11/28/2025","828","0"
"SKU1","2025","2025-11","November","11/29/2025","828","0"
"SKU1","2025","2025-11","November","11/30/2025","828","0"
"SKU1","2025","2025-12","December","12/1/2025","600","0.62"
"SKU1","2025","2025-12","December","12/2/2025","600","19.22"
"SKU1","2025","2025-12","December","12/3/2025","600","1.2"
"SKU1","2025","2025-12","December","12/4/2025","600","49.47"
"SKU1","2025","2025-12","December","12/5/2025","600","5.76"
"SKU1","2025","2025-12","December","12/6/2025","600","0"
"SKU1","2025","2025-12","December","12/7/2025","600","0"
"SKU1","2025","2025-12","December","12/8/2025","600","0.36"
"SKU1","2025","2025-12","December","12/9/2025","600","42.56"
"SKU1","2025","2025-12","December","12/10/2025","600","0"
"SKU1","2025","2025-12","December","12/11/2025","600","78.96"
"SKU1","2025","2025-12","December","12/12/2025","600","6.83"
"SKU1","2025","2025-12","December","12/13/2025","600","0"
"SKU1","2025","2025-12","December","12/14/2025","600","0"
"SKU1","2025","2025-12","December","12/15/2025","600","4.56"
"SKU1","2025","2025-12","December","12/16/2025","600","54.02"
"SKU1","2025","2025-12","December","12/17/2025","600","1.44"
"SKU1","2025","2025-12","December","12/18/2025","600","97.94"
"SKU1","2025","2025-12","December","12/19/2025","600","0.2"
"SKU1","2025","2025-12","December","12/20/2025","600","0"
"SKU1","2025","2025-12","December","12/21/2025","600","0"
"SKU1","2025","2025-12","December","12/22/2025","600","9.6"
"SKU1","2025","2025-12","December","12/23/2025","600","66.13"
"SKU1","2025","2025-12","December","12/24/2025","600","79"
"SKU1","2025","2025-12","December","12/25/2025","600","0"
"SKU1","2025","2025-12","December","12/26/2025","600","0"
"SKU1","2025","2025-12","December","12/27/2025","600","0"
"SKU1","2025","2025-12","December","12/28/2025","600","0"
"SKU1","2025","2025-12","December","12/29/2025","600","2.6"
"SKU1","2025","2025-12","December","12/30/2025","600","35.29"
"SKU1","2025","2025-12","December","12/31/2025","600","44.45"
"SKU1","2026","2026-01","January","1/1/2026","498","0"
"SKU1","2026","2026-01","January","1/2/2026","498","0"
"SKU1","2026","2026-01","January","1/3/2026","498","0"
"SKU1","2026","2026-01","January","1/4/2026","498","0"
"SKU1","2026","2026-01","January","1/5/2026","498","0.72"
"SKU1","2026","2026-01","January","1/6/2026","498","57.72"
"SKU1","2026","2026-01","January","1/7/2026","498","1"
"SKU1","2026","2026-01","January","1/8/2026","498","50.9"
"SKU1","2026","2026-01","January","1/9/2026","498","4.37"
"SKU1","2026","2026-01","January","1/10/2026","498","0"
"SKU1","2026","2026-01","January","1/11/2026","498","0"
"SKU1","2026","2026-01","January","1/12/2026","498","0.12"
"SKU1","2026","2026-01","January","1/13/2026","498","57.72"
"SKU1","2026","2026-01","January","1/14/2026","498","0.1"
"SKU1","2026","2026-01","January","1/15/2026","498","84.43"
"SKU1","2026","2026-01","January","1/16/2026","498","6.47"
"SKU1","2026","2026-01","January","1/17/2026","498","0"
"SKU1","2026","2026-01","January","1/18/2026","498","0"
"SKU1","2026","2026-01","January","1/19/2026","498","0"
"SKU1","2026","2026-01","January","1/20/2026","498","48.26"
"SKU1","2026","2026-01","January","1/21/2026","498","0.24"
"SKU1","2026","2026-01","January","1/22/2026","498","76.57"
"SKU1","2026","2026-01","January","1/23/2026","498","5.15"
"SKU1","2026","2026-01","January","1/24/2026","498","0"
"SKU1","2026","2026-01","January","1/25/2026","498","0"
"SKU1","2026","2026-01","January","1/26/2026","498","0"
"SKU1","2026","2026-01","January","1/27/2026","498","62.4"
"SKU1","2026","2026-01","January","1/28/2026","498","0.06"
"SKU1","2026","2026-01","January","1/29/2026","498","36.89"
"SKU1","2026","2026-01","January","1/30/2026","498","4.67"
"SKU1","2026","2026-01","January","1/31/2026","498","0"
"SKU1","2026","2026-02","February","2/1/2026","645","0"
"SKU1","2026","2026-02","February","2/2/2026","645","0.73"
"SKU1","2026","2026-02","February","2/3/2026","645","116.7"
"SKU1","2026","2026-02","February","2/4/2026","645","1.71"
"SKU1","2026","2026-02","February","2/5/2026","645","84.41"
"SKU1","2026","2026-02","February","2/6/2026","645","1.81"
"SKU1","2026","2026-02","February","2/7/2026","645","0"
"SKU1","2026","2026-02","February","2/8/2026","645","0"
"SKU1","2026","2026-02","February","2/9/2026","645","2.66"
"SKU1","2026","2026-02","February","2/10/2026","645","47.29"
"SKU1","2026","2026-02","February","2/11/2026","645","1.41"
"SKU1","2026","2026-02","February","2/12/2026","645","93.47"
"SKU1","2026","2026-02","February","2/13/2026","645","5.18"
"SKU1","2026","2026-02","February","2/14/2026","645","0"
"SKU1","2026","2026-02","February","2/15/2026","645","0"
"SKU1","2026","2026-02","February","2/16/2026","645","0"
"SKU1","2026","2026-02","February","2/17/2026","645","69.3"
"SKU1","2026","2026-02","February","2/18/2026","645","0.65"
"SKU1","2026","2026-02","February","2/19/2026","645","87.7"
"SKU1","2026","2026-02","February","2/20/2026","645","7.14"
"SKU1","2026","2026-02","February","2/21/2026","645","0"
"SKU1","2026","2026-02","February","2/22/2026","645","0"
"SKU1","2026","2026-02","February","2/23/2026","645","0.6"
"SKU1","2026","2026-02","February","2/24/2026","645","22.62"
"SKU1","2026","2026-02","February","2/25/2026","645","1.57"
"SKU1","2026","2026-02","February","2/26/2026","645","99.49"
"SKU1","2026","2026-02","February","2/27/2026","645","0.39"
"SKU1","2026","2026-02","February","2/28/2026","645","0"
"SKU1","2026","2026-03","March","3/1/2026","908","0"
"SKU1","2026","2026-03","March","3/2/2026","908","1.84"
"SKU1","2026","2026-03","March","3/3/2026","908","92.67"
"SKU1","2026","2026-03","March","3/4/2026","908","1.86"
"SKU1","2026","2026-03","March","3/5/2026","908","135.04"
"SKU1","2026","2026-03","March","3/6/2026","908","4.32"
"SKU1","2026","2026-03","March","3/7/2026","908","0"
"SKU1","2026","2026-03","March","3/8/2026","908","0"
"SKU1","2026","2026-03","March","3/9/2026","908","0.6"
"SKU1","2026","2026-03","March","3/10/2026","908","51.8"
"SKU1","2026","2026-03","March","3/11/2026","908","0.96"
"SKU1","2026","2026-03","March","3/12/2026","908","126.04"
"SKU1","2026","2026-03","March","3/13/2026","908","7.8"
"SKU1","2026","2026-03","March","3/14/2026","908","0"
"SKU1","2026","2026-03","March","3/15/2026","908","0"
"SKU1","2026","2026-03","March","3/16/2026","908","4.99"
"SKU1","2026","2026-03","March","3/17/2026","908","56.9"
"SKU1","2026","2026-03","March","3/18/2026","908","0"
"SKU1","2026","2026-03","March","3/19/2026","908","125.77"
"SKU1","2026","2026-03","March","3/20/2026","908","9.61"
"SKU1","2026","2026-03","March","3/21/2026","908","0"
"SKU1","2026","2026-03","March","3/22/2026","908","0"
"SKU1","2026","2026-03","March","3/23/2026","908","0.7"
"SKU1","2026","2026-03","March","3/24/2026","908","58.12"
"SKU1","2026","2026-03","March","3/25/2026","908","0.36"
"SKU1","2026","2026-03","March","3/26/2026","908","110.43"
"SKU1","2026","2026-03","March","3/27/2026","908","6"
"SKU1","2026","2026-03","March","3/28/2026","908","0"
"SKU1","2026","2026-03","March","3/29/2026","908","0"
"SKU1","2026","2026-03","March","3/30/2026","908","0.4"
"SKU1","2026","2026-03","March","3/31/2026","908","111.81"
"SKU1","2026","2026-03","April","4/1/2026","963","1.5"
"SKU1","2026","2026-03","April","4/2/2026","963","107.44"
"SKU1","2026","2026-03","April","4/3/2026","963","5.76"
"SKU1","2026","2026-03","April","4/4/2026","963","0"
"SKU1","2026","2026-03","April","4/5/2026","963","0"
"SKU1","2026","2026-03","April","4/6/2026","963","0.18"
"SKU1","2026","2026-03","April","4/7/2026","963","100.6"
"SKU1","2026","2026-03","April","4/8/2026","963","0.44"
"SKU1","2026","2026-03","April","4/9/2026","963","105.38"
"SKU1","2026","2026-03","April","4/10/2026","963","4.02"
"SKU1","2026","2026-03","April","4/11/2026","963","0"
"SKU1","2026","2026-03","April","4/12/2026","963","0"
"SKU1","2026","2026-03","April","4/13/2026","963","1.4"
"SKU1","2026","2026-03","April","4/14/2026","963","55.86"
"SKU1","2026","2026-03","April","4/15/2026","963","3.49"
"SKU1","2026","2026-03","April","4/16/2026","963","132.72"
"SKU1","2026","2026-03","April","4/17/2026","963","8.33"
"SKU1","2026","2026-03","April","4/18/2026","963","0"
"SKU1","2026","2026-03","April","4/19/2026","963","0"
"SKU1","2026","2026-03","April","4/20/2026","963","0"
"SKU1","2026","2026-03","April","4/21/2026","963","54.23"
"SKU1","2026","2026-03","April","4/22/2026","963","1.49"
"SKU1","2026","2026-03","April","4/23/2026","963","135.36"
"SKU1","2026","2026-03","April","4/24/2026","963","6.12"
"SKU1","2026","2026-03","April","4/25/2026","963","0"
"SKU1","2026","2026-03","April","4/26/2026","963","0"
"SKU1","2026","2026-03","April","4/27/2026","963","0.72"
"SKU1","2026","2026-03","April","4/28/2026","963","99.92"
"SKU1","2026","2026-03","April","4/29/2026","963","1.44"
"SKU1","2026","2026-03","April","4/30/2026","963","136.34"
"SKU2","2026","2026-05","May","5/1/2026","1065","46.80"
"SKU3","2026","2026-05","May","5/2/2026","1065","0.00"
"SKU4","2026","2026-05","May","5/3/2026","1065","0.00"
"SKU5","2026","2026-05","May","5/4/2026","1065","0.00"
"SKU6","2026","2026-05","May","5/5/2026","1065","74.75"
"SKU7","2026","2026-05","May","5/6/2026","1065","0.96"
"SKU8","2026","2026-05","May","5/7/2026","1065","152.53"
"SKU9","2026","2026-05","May","5/8/2026","1065","5.45"
"SKU10","2026","2026-05","May","5/9/2026","1065","0.00"
"SKU11","2026","2026-05","May","5/10/2026","1065","0.00"
"SKU12","2026","2026-05","May","5/11/2026","1065","1.38"
"SKU13","2026","2026-05","May","5/12/2026","1065","74.74"
"SKU14","2026","2026-05","May","5/13/2026","1065","2.48"
"SKU15","2026","2026-05","May","5/14/2026","1065","136.60"
"SKU16","2026","2026-05","May","5/15/2026","1065","7.05"
"SKU17","2026","2026-05","May","5/16/2026","1065","0.00"
"SKU18","2026","2026-05","May","5/17/2026","1065","0.00"
"SKU19","2026","2026-05","May","5/18/2026","1065","0.66"
"SKU20","2026","2026-05","May","5/19/2026","1065","86.84"
"SKU21","2026","2026-05","May","5/20/2026","1065","2.10"
"SKU22","2026","2026-05","May","5/21/2026","1065","205.68"
"SKU23","2026","2026-05","May","5/22/2026","1065","5.39"
"SKU24","2026","2026-05","May","5/23/2026","1065","0.00"
"SKU25","2026","2026-05","May","5/24/2026","1065","0.00"
"SKU26","2026","2026-05","May","5/25/2026","1065","0.00"
"SKU27","2026","2026-05","May","5/26/2026","1065","97.95"
"SKU28","2026","2026-05","May","5/27/2026","1065","2.22"
"SKU29","2026","2026-05","May","5/28/2026","1065","148.37"
"SKU30","2026","2026-05","May","5/29/2026","1065","13.44"
"SKU31","2026","2026-05","May","5/30/2026","1065","0.00"
"SKU32","2026","2026-05","May","5/31/2026","1065","0.00"
